,MeanValenceAudioMSE,MeanValenceAudioPCC,MeanValenceVisualMSE,MeanValenceVisualPCC,MeanArousalAudioMSE,MeanArousalAudioPCC,MeanArousalVisualMSE,MeanArousalVisualPCC
count,49.0,49.0,49.0,49.0,49.0,49.0,49.0,49.0
mean,0.15409457766067947,0.016944048488126896,0.11727504983471697,0.06544980457557403,0.08612709208163202,0.15288853448469963,0.09181434562431888,0.08005316593216877
std,0.0887213706732263,0.23971123279260226,0.07558318467380797,0.29474312269136915,0.07203700230462787,0.2977232685554041,0.05427823598514021,0.3299532006919597
min,0.040522913398904646,-0.7362630158175855,0.03129757797233864,-0.5014724645427849,0.01417633962160349,-0.5518348187908643,0.00873832452308555,-0.8452396803265974
25%,0.09370011354663597,-0.07758315705651063,0.06331810549512877,-0.1077957094854517,0.046271273496254595,-0.08303988174784398,0.058813402000996065,-0.10497368402207428
50%,0.15550344160814028,0.01615251491761722,0.10259685370312648,0.046392347297252515,0.06096597977424974,0.18724057580947376,0.07814689809385249,0.08576016396428145
75%,0.19225168647747343,0.127192893036871,0.15106693991164277,0.263797063693937,0.09011395810577107,0.3537716888141747,0.10846625279350068,0.300637916887613
max,0.5547447785376921,0.8957602883931975,0.4175722611049476,0.7087899722286016,0.3602154690519461,0.8745348303849347,0.23158737243936992,0.7380898692797333
